Timeline Trace
Generated on: 2021-06-19 17:11:06
Msec since Epoch: 1624093866093
Profiled application: pma
Target platform: Xilinx
Tool version: 2019.2
XRT build version: 2.3.1301
Build version branch: 2019.2
Build version hash: 192e706aea53163a04c574f9b3fe9ed76b6ca471
Build version date: 2019-10-24 20:05:16


Time_msec,Name,Event,Address_Port,Size,Latency_cycles,Start_cycles,End_cycles,Latency_usec,Start_msec,End_msec,
5.987701,clGetPlatformIDs|General,START,,,,,,,,,,,0,
6.016144,clGetPlatformIDs|General,END,,,,,,,,,,,0,
6.023753,clGetPlatformIDs|General,START,,,,,,,,,,,1,
6.028428,clGetPlatformIDs|General,END,,,,,,,,,,,1,
6.035456,clGetPlatformInfo|General,START,,,,,,,,,,,2,
6.040393,clGetPlatformInfo|General,END,,,,,,,,,,,2,
6.045122,clGetPlatformInfo|General,START,,,,,,,,,,,3,
6.049358,clGetPlatformInfo|General,END,,,,,,,,,,,3,
6.055308,clGetDeviceIDs|General,START,,,,,,,,,,,4,
6.061442,clGetDeviceIDs|General,END,,,,,,,,,,,4,
6.066204,clGetDeviceIDs|General,START,,,,,,,,,,,5,
6.070471,clGetDeviceIDs|General,END,,,,,,,,,,,5,
6.075251,clRetainDevice|General,START,,,,,,,,,,,6,
6.07977,clRetainDevice|General,END,,,,,,,,,,,6,
6.084307,clRetainDevice|General,START,,,,,,,,,,,7,
6.088298,clRetainDevice|General,END,,,,,,,,,,,7,
6.09238,clCreateContext|General,START,,,,,,,,,,,8,
6.101094,clCreateContext|General,END,,,,,,,,,,,8,
6.105386,clCreateCommandQueue|General,START,,,,,,,,,,,9,
6.116842,clCreateCommandQueue|General,END,,,,,,,,,,,9,
7.182168,clCreateProgramWithBinary|General,START,,,,,,,,,,,10,
36.022418,clCreateProgramWithBinary|General,END,,,,,,,,,,,10,
36.05736,clCreateKernel|General,START,,,,,,,,,,,11,
36.623588,clCreateKernel|General,END,,,,,,,,,,,11,
36.631248,clCreateKernel|General,START,,,,,,,,,,,12,
37.14769,clCreateKernel|General,END,,,,,,,,,,,12,
37.153461,clCreateKernel|General,START,,,,,,,,,,,13,
37.669372,clCreateKernel|General,END,,,,,,,,,,,13,
37.674741,clCreateKernel|General,START,,,,,,,,,,,14,
38.193131,clCreateKernel|General,END,,,,,,,,,,,14,
124.934099,clCreateBuffer|General,START,,,,,,,,,,,15,
125.170875,clCreateBuffer|General,END,,,,,,,,,,,15,
125.180838,clEnqueueMapBuffer|94434247373152,START,,,,,,,,,,,16,
125.323839,clEnqueueMapBuffer|94434247373152,END,,,,,,,,,,,16,
928.343257,clCreateBuffer|General,START,,,,,,,,,,,17,
928.558143,clCreateBuffer|General,END,,,,,,,,,,,17,
928.567631,clCreateBuffer|General,START,,,,,,,,,,,18,
928.653602,clCreateBuffer|General,END,,,,,,,,,,,18,
928.659582,clCreateBuffer|General,START,,,,,,,,,,,19,
928.721795,clCreateBuffer|General,END,,,,,,,,,,,19,
928.72856,clEnqueueMapBuffer|94434247373152,START,,,,,,,,,,,20,
928.810091,clEnqueueMapBuffer|94434247373152,END,,,,,,,,,,,20,
952.870179,clEnqueueMapBuffer|94434247373152,START,,,,,,,,,,,21,
952.966281,clEnqueueMapBuffer|94434247373152,END,,,,,,,,,,,21,
957.666447,clEnqueueMapBuffer|94434247373152,START,,,,,,,,,,,22,
957.719289,clEnqueueMapBuffer|94434247373152,END,,,,,,,,,,,22,
958.685624,clRetainMemObject|General,START,,,,,,,,,,,23,
958.699351,clRetainMemObject|General,END,,,,,,,,,,,23,
958.70726,clRetainMemObject|General,START,,,,,,,,,,,24,
958.712146,clRetainMemObject|General,END,,,,,,,,,,,24,
958.71687,clRetainMemObject|General,START,,,,,,,,,,,25,
958.721416,clRetainMemObject|General,END,,,,,,,,,,,25,
958.725768,clRetainMemObject|General,START,,,,,,,,,,,26,
958.73021,clRetainMemObject|General,END,,,,,,,,,,,26,
958.73581,clRetainMemObject|General,START,,,,,,,,,,,27,
958.740523,clRetainMemObject|General,END,,,,,,,,,,,27,
958.744933,clRetainMemObject|General,START,,,,,,,,,,,28,
958.74934,clRetainMemObject|General,END,,,,,,,,,,,28,
958.753665,clRetainMemObject|General,START,,,,,,,,,,,29,
958.758005,clRetainMemObject|General,END,,,,,,,,,,,29,
958.762216,clRetainMemObject|General,START,,,,,,,,,,,30,
958.766867,clRetainMemObject|General,END,,,,,,,,,,,30,
958.773554,clEnqueueMigrateMemObjects|94434247373152,START,,,,,,,,,,,31,
958.792665,WRITE_BUFFER,QUEUE,0X0|Unknown-DDR[0],26301256,,,,,,,,,
958.809142,WRITE_BUFFER,SUBMIT,0X0|Unknown-DDR[0],26301256,,,,,,,,,
958.823829,clEnqueueMigrateMemObjects|94434247373152,END,,,,,,,,,,,31,
958.830649,clReleaseMemObject|General,START,,,,,,,,,,,32,
958.836705,clReleaseMemObject|General,END,,,,,,,,,,,32,
958.841287,clReleaseMemObject|General,START,,,,,,,,,,,33,
958.846081,clReleaseMemObject|General,END,,,,,,,,,,,33,
958.850614,clReleaseMemObject|General,START,,,,,,,,,,,34,
958.855327,clReleaseMemObject|General,END,,,,,,,,,,,34,
958.860073,clReleaseMemObject|General,START,,,,,,,,,,,35,
958.864984,clReleaseMemObject|General,END,,,,,,,,,,,35,
958.87077,clReleaseMemObject|General,START,,,,,,,,,,,36,
958.878096,clReleaseMemObject|General,END,,,,,,,,,,,36,
958.882963,clReleaseMemObject|General,START,,,,,,,,,,,37,
958.887489,clReleaseMemObject|General,END,,,,,,,,,,,37,
958.891816,clReleaseMemObject|General,START,,,,,,,,,,,38,
958.896461,clReleaseMemObject|General,END,,,,,,,,,,,38,
958.900723,clReleaseMemObject|General,START,,,,,,,,,,,39,
958.905121,clReleaseMemObject|General,END,,,,,,,,,,,39,
958.909656,clWaitForEvents|General,START,,,,,,,,,,,40,
958.947776,WRITE_BUFFER,START,0X0|Unknown-DDR[0]|0X7fc8ed3c1700,26301256,,,,,,,4,None,
1100.306227,WRITE_BUFFER,END,0X0|Unknown-DDR[0]|0X7fc8ed3c1700,26301256,,,,,,,4,None,
1100.433445,clWaitForEvents|General,END,,,,,,,,,,,40,
1100.498834,clSetKernelArg|General,START,,,,,,,,,,,41,
1100.53274,clSetKernelArg|General,END,,,,,,,,,,,41,
1100.547834,clSetKernelArg|General,START,,,,,,,,,,,42,
1100.563514,clSetKernelArg|General,END,,,,,,,,,,,42,
1100.576003,clSetKernelArg|General,START,,,,,,,,,,,43,
1100.592153,clSetKernelArg|General,END,,,,,,,,,,,43,
1100.604863,clSetKernelArg|General,START,,,,,,,,,,,44,
1100.619323,clSetKernelArg|General,END,,,,,,,,,,,44,
1100.631843,clSetKernelArg|General,START,,,,,,,,,,,45,
1100.644693,clSetKernelArg|General,END,,,,,,,,,,,45,
1100.656668,clSetKernelArg|General,START,,,,,,,,,,,46,
1100.669192,clSetKernelArg|General,END,,,,,,,,,,,46,
1100.681098,clSetKernelArg|General,START,,,,,,,,,,,47,
1100.695708,clSetKernelArg|General,END,,,,,,,,,,,47,
1100.731277,clEnqueueTask|94434247373152,START,,,,,,,,,,,48,
1100.781442,DEPENDENCY_EVENT,,5,6,
1100.839636,KERNEL|xilinx_u250_xdma_201830_2-0|binary_container_1|read_edges|1:1:1|all,QUEUE,0X55E32FCA16E0,1,,,,,,,,,
1100.884229,KERNEL|xilinx_u250_xdma_201830_2-0|binary_container_1|read_edges|1:1:1|all,SUBMIT,0X55E32FCA16E0,1,,,,,,,,,
1100.908449,KERNEL|xilinx_u250_xdma_201830_2-0|binary_container_1|read_edges|1:1:1|all,START,0X55E32FCA16E0,1,,,,,,,6,None,
1101.100157,clEnqueueTask|94434247373152,END,,,,,,,,,,,48,
1101.123222,clEnqueueTask|94434247373152,START,,,,,,,,,,,49,
1101.153897,DEPENDENCY_EVENT,,7,8,
1101.185645,KERNEL|xilinx_u250_xdma_201830_2-0|binary_container_1|bin_search|1:1:1|all,QUEUE,0X55E32FCA2210,1,,,,,,,,,
1101.216996,KERNEL|xilinx_u250_xdma_201830_2-0|binary_container_1|bin_search|1:1:1|all,SUBMIT,0X55E32FCA2210,1,,,,,,,,,
1101.236481,KERNEL|xilinx_u250_xdma_201830_2-0|binary_container_1|bin_search|1:1:1|all,START,0X55E32FCA2210,1,,,,,,,8,None,
1101.371474,KERNEL|xilinx_u250_xdma_201830_2-0|binary_container_1|read_edges|1:1:1|read_edges_1|,START,0X55E32FC5A600,1,1,,,,,,,,
1101.478187,clEnqueueTask|94434247373152,END,,,,,,,,,,,49,
1101.501371,clEnqueueTask|94434247373152,START,,,,,,,,,,,50,
1101.530547,DEPENDENCY_EVENT,,9,10,
1101.55724,KERNEL|xilinx_u250_xdma_201830_2-0|binary_container_1|bin_search|1:1:1|all,QUEUE,0X55E32FCA2210,1,,,,,,,,,
1101.586706,KERNEL|xilinx_u250_xdma_201830_2-0|binary_container_1|bin_search|1:1:1|all,SUBMIT,0X55E32FCA2210,1,,,,,,,,,
1101.605845,KERNEL|xilinx_u250_xdma_201830_2-0|binary_container_1|bin_search|1:1:1|all,START,0X55E32FCA2210,1,,,,,,,10,None,
1101.759329,KERNEL|xilinx_u250_xdma_201830_2-0|binary_container_1|bin_search|1:1:1|bin_search_1|,START,0X55E32FC5CB30,1,2,,,,,,,,
1101.868436,clEnqueueTask|94434247373152,END,,,,,,,,,,,50,
1101.890631,clEnqueueTask|94434247373152,START,,,,,,,,,,,51,
1101.915756,DEPENDENCY_EVENT,,11,12,
1101.939786,KERNEL|xilinx_u250_xdma_201830_2-0|binary_container_1|bin_search|1:1:1|all,QUEUE,0X55E32FCA2210,1,,,,,,,,,
1101.968175,KERNEL|xilinx_u250_xdma_201830_2-0|binary_container_1|bin_search|1:1:1|all,SUBMIT,0X55E32FCA2210,1,,,,,,,,,
1102.060829,KERNEL|xilinx_u250_xdma_201830_2-0|binary_container_1|bin_search|1:1:1|all,START,0X55E32FCA2210,1,,,,,,,12,None,
1102.189237,KERNEL|xilinx_u250_xdma_201830_2-0|binary_container_1|bin_search|1:1:1|bin_search_2|,START,0X55E32FC5CC00,1,3,,,,,,,,
1102.294577,clEnqueueTask|94434247373152,END,,,,,,,,,,,51,
1102.315931,clEnqueueTask|94434247373152,START,,,,,,,,,,,52,
1102.342326,DEPENDENCY_EVENT,,13,14,
1102.365656,KERNEL|xilinx_u250_xdma_201830_2-0|binary_container_1|bin_search|1:1:1|all,QUEUE,0X55E32FCA2210,1,,,,,,,,,
1102.39373,KERNEL|xilinx_u250_xdma_201830_2-0|binary_container_1|bin_search|1:1:1|all,SUBMIT,0X55E32FCA2210,1,,,,,,,,,
1102.412425,KERNEL|xilinx_u250_xdma_201830_2-0|binary_container_1|bin_search|1:1:1|all,START,0X55E32FCA2210,1,,,,,,,14,None,
1102.701433,KERNEL|xilinx_u250_xdma_201830_2-0|binary_container_1|bin_search|1:1:1|bin_search_3|,START,0X55E32FC5CCD0,1,4,,,,,,,,
1102.80489,clEnqueueTask|94434247373152,END,,,,,,,,,,,52,
1102.825764,clEnqueueTask|94434247373152,START,,,,,,,,,,,53,
1102.850194,DEPENDENCY_EVENT,,15,16,
1102.877294,KERNEL|xilinx_u250_xdma_201830_2-0|binary_container_1|dispatch|1:1:1|all,QUEUE,0X55E32FCA22E0,1,,,,,,,,,
1102.905623,KERNEL|xilinx_u250_xdma_201830_2-0|binary_container_1|dispatch|1:1:1|all,SUBMIT,0X55E32FCA22E0,1,,,,,,,,,
1102.924183,KERNEL|xilinx_u250_xdma_201830_2-0|binary_container_1|dispatch|1:1:1|all,START,0X55E32FCA22E0,1,,,,,,,16,None,
1103.290486,KERNEL|xilinx_u250_xdma_201830_2-0|binary_container_1|bin_search|1:1:1|bin_search_4|,START,0X55E32FC5CDA0,1,5,,,,,,,,
1103.408762,clEnqueueTask|94434247373152,END,,,,,,,,,,,53,
1103.430312,clEnqueueTask|94434247373152,START,,,,,,,,,,,54,
1103.458126,DEPENDENCY_EVENT,,17,18,
1103.483226,KERNEL|xilinx_u250_xdma_201830_2-0|binary_container_1|process_leaf|1:1:1|all,QUEUE,0X55E32FCA23B0,1,,,,,,,,,
1103.511116,KERNEL|xilinx_u250_xdma_201830_2-0|binary_container_1|process_leaf|1:1:1|all,SUBMIT,0X55E32FCA23B0,1,,,,,,,,,
1103.529626,KERNEL|xilinx_u250_xdma_201830_2-0|binary_container_1|process_leaf|1:1:1|all,START,0X55E32FCA23B0,1,,,,,,,18,None,
1103.813747,KERNEL|xilinx_u250_xdma_201830_2-0|binary_container_1|dispatch|1:1:1|dispatch_1|,START,0X55E32FC5CA60,1,6,,,,,,,,
1103.917454,clEnqueueTask|94434247373152,END,,,,,,,,,,,54,
1103.938574,clEnqueueTask|94434247373152,START,,,,,,,,,,,55,
1103.964155,DEPENDENCY_EVENT,,19,20,
1103.985885,KERNEL|xilinx_u250_xdma_201830_2-0|binary_container_1|process_leaf|1:1:1|all,QUEUE,0X55E32FCA23B0,1,,,,,,,,,
1104.012739,KERNEL|xilinx_u250_xdma_201830_2-0|binary_container_1|process_leaf|1:1:1|all,SUBMIT,0X55E32FCA23B0,1,,,,,,,,,
1104.031159,KERNEL|xilinx_u250_xdma_201830_2-0|binary_container_1|process_leaf|1:1:1|all,START,0X55E32FCA23B0,1,,,,,,,20,None,
1104.324531,KERNEL|xilinx_u250_xdma_201830_2-0|binary_container_1|process_leaf|1:1:1|process_leaf_1|,START,0X55E32FC5C720,1,7,,,,,,,,
1104.430259,clEnqueueTask|94434247373152,END,,,,,,,,,,,55,
1104.450958,clEnqueueTask|94434247373152,START,,,,,,,,,,,56,
1104.475583,DEPENDENCY_EVENT,,21,22,
1104.496453,KERNEL|xilinx_u250_xdma_201830_2-0|binary_container_1|process_leaf|1:1:1|all,QUEUE,0X55E32FCA23B0,1,,,,,,,,,
1104.523597,KERNEL|xilinx_u250_xdma_201830_2-0|binary_container_1|process_leaf|1:1:1|all,SUBMIT,0X55E32FCA23B0,1,,,,,,,,,
1104.541767,KERNEL|xilinx_u250_xdma_201830_2-0|binary_container_1|process_leaf|1:1:1|all,START,0X55E32FCA23B0,1,,,,,,,22,None,
1104.933711,KERNEL|xilinx_u250_xdma_201830_2-0|binary_container_1|process_leaf|1:1:1|process_leaf_2|,START,0X55E32FC5C7F0,1,8,,,,,,,,
1105.03808,clEnqueueTask|94434247373152,END,,,,,,,,,,,56,
1105.058674,clEnqueueTask|94434247373152,START,,,,,,,,,,,57,
1105.083085,DEPENDENCY_EVENT,,23,24,
1105.103369,KERNEL|xilinx_u250_xdma_201830_2-0|binary_container_1|process_leaf|1:1:1|all,QUEUE,0X55E32FCA23B0,1,,,,,,,,,
1105.129645,KERNEL|xilinx_u250_xdma_201830_2-0|binary_container_1|process_leaf|1:1:1|all,SUBMIT,0X55E32FCA23B0,1,,,,,,,,,
1105.148259,KERNEL|xilinx_u250_xdma_201830_2-0|binary_container_1|process_leaf|1:1:1|all,START,0X55E32FCA23B0,1,,,,,,,24,None,
1105.62141,KERNEL|xilinx_u250_xdma_201830_2-0|binary_container_1|process_leaf|1:1:1|process_leaf_3|,START,0X55E32FC5C8C0,1,9,,,,,,,,
1105.723067,clEnqueueTask|94434247373152,END,,,,,,,,,,,57,
1105.744006,clWaitForEvents|General,START,,,,,,,,,,,58,
1106.361103,KERNEL|xilinx_u250_xdma_201830_2-0|binary_container_1|process_leaf|1:1:1|process_leaf_4|,START,0X55E32FC5C990,1,10,,,,,,,,
1818.338536,KERNEL|xilinx_u250_xdma_201830_2-0|binary_container_1|read_edges|1:1:1|read_edges_1|,END,0X55E32FC5A600,1,1,,,,,,,,
1818.422271,KERNEL|xilinx_u250_xdma_201830_2-0|binary_container_1|read_edges|1:1:1|all,END,0X55E32FCA16E0,1,,,,,,,6,None,
1818.519794,clWaitForEvents|General,END,,,,,,,,,,,58,
1818.554365,clWaitForEvents|General,START,,,,,,,,,,,59,
1818.532249,KERNEL|xilinx_u250_xdma_201830_2-0|binary_container_1|bin_search|1:1:1|bin_search_1|,END,0X55E32FC5CB30,1,2,,,,,,,,
1818.624047,KERNEL|xilinx_u250_xdma_201830_2-0|binary_container_1|bin_search|1:1:1|all,END,0X55E32FCA2210,1,,,,,,,8,None,
1818.682038,clWaitForEvents|General,END,,,,,,,,,,,59,
1818.688101,clWaitForEvents|General,START,,,,,,,,,,,60,
1818.692736,KERNEL|xilinx_u250_xdma_201830_2-0|binary_container_1|bin_search|1:1:1|bin_search_2|,END,0X55E32FC5CC00,1,3,,,,,,,,
1818.731395,KERNEL|xilinx_u250_xdma_201830_2-0|binary_container_1|bin_search|1:1:1|all,END,0X55E32FCA2210,1,,,,,,,10,None,
1818.797889,clWaitForEvents|General,END,,,,,,,,,,,60,
1818.803585,clWaitForEvents|General,START,,,,,,,,,,,61,
1818.806475,KERNEL|xilinx_u250_xdma_201830_2-0|binary_container_1|bin_search|1:1:1|bin_search_3|,END,0X55E32FC5CCD0,1,4,,,,,,,,
1818.85527,KERNEL|xilinx_u250_xdma_201830_2-0|binary_container_1|bin_search|1:1:1|all,END,0X55E32FCA2210,1,,,,,,,12,None,
1818.896403,clWaitForEvents|General,END,,,,,,,,,,,61,
1818.900474,KERNEL|xilinx_u250_xdma_201830_2-0|binary_container_1|bin_search|1:1:1|bin_search_4|,END,0X55E32FC5CDA0,1,5,,,,,,,,
1818.902538,clWaitForEvents|General,START,,,,,,,,,,,62,
1818.929083,KERNEL|xilinx_u250_xdma_201830_2-0|binary_container_1|bin_search|1:1:1|all,END,0X55E32FCA2210,1,,,,,,,14,None,
1818.938377,clWaitForEvents|General,END,,,,,,,,,,,62,
1818.975599,clWaitForEvents|General,START,,,,,,,,,,,63,
2406.707755,KERNEL|xilinx_u250_xdma_201830_2-0|binary_container_1|process_leaf|1:1:1|process_leaf_1|,END,0X55E32FC5C720,1,7,,,,,,,,
2406.781359,KERNEL|xilinx_u250_xdma_201830_2-0|binary_container_1|process_leaf|1:1:1|all,END,0X55E32FCA23B0,1,,,,,,,18,None,
2406.857222,KERNEL|xilinx_u250_xdma_201830_2-0|binary_container_1|process_leaf|1:1:1|process_leaf_2|,END,0X55E32FC5C7F0,1,8,,,,,,,,
2406.884681,KERNEL|xilinx_u250_xdma_201830_2-0|binary_container_1|process_leaf|1:1:1|all,END,0X55E32FCA23B0,1,,,,,,,20,None,
2406.925892,KERNEL|xilinx_u250_xdma_201830_2-0|binary_container_1|process_leaf|1:1:1|process_leaf_3|,END,0X55E32FC5C8C0,1,9,,,,,,,,
2406.948471,KERNEL|xilinx_u250_xdma_201830_2-0|binary_container_1|process_leaf|1:1:1|all,END,0X55E32FCA23B0,1,,,,,,,22,None,
2406.985056,KERNEL|xilinx_u250_xdma_201830_2-0|binary_container_1|process_leaf|1:1:1|process_leaf_4|,END,0X55E32FC5C990,1,10,,,,,,,,
2407.00892,KERNEL|xilinx_u250_xdma_201830_2-0|binary_container_1|process_leaf|1:1:1|all,END,0X55E32FCA23B0,1,,,,,,,24,None,
2407.045265,KERNEL|xilinx_u250_xdma_201830_2-0|binary_container_1|dispatch|1:1:1|dispatch_1|,END,0X55E32FC5CA60,1,6,,,,,,,,
2407.06783,KERNEL|xilinx_u250_xdma_201830_2-0|binary_container_1|dispatch|1:1:1|all,END,0X55E32FCA22E0,1,,,,,,,16,None,
2407.125533,clWaitForEvents|General,END,,,,,,,,,,,63,
2407.180703,clWaitForEvents|General,START,,,,,,,,,,,64,
2407.197792,clWaitForEvents|General,END,,,,,,,,,,,64,
2407.210663,clWaitForEvents|General,START,,,,,,,,,,,65,
2407.226357,clWaitForEvents|General,END,,,,,,,,,,,65,
2407.238703,clWaitForEvents|General,START,,,,,,,,,,,66,
2407.251511,clWaitForEvents|General,END,,,,,,,,,,,66,
2407.263722,clWaitForEvents|General,START,,,,,,,,,,,67,
2407.276172,clWaitForEvents|General,END,,,,,,,,,,,67,
2407.308982,clGetEventProfilingInfo|General,START,,,,,,,,,,,68,
2407.32979,clGetEventProfilingInfo|General,END,,,,,,,,,,,68,
2407.34403,clGetEventProfilingInfo|General,START,,,,,,,,